"","VCR","MJH","JAE","GHA","MFGR","CLO","RLO","RRU","JGZ","AEFP"
"Fp2"," "," "," "," "," "," "," ","*"," "," "
"Fp1"," "," "," "," "," "," "," "," "," "," "
"F8"," "," "," "," "," "," "," "," "," "," "
"F7"," "," "," "," "," "," "," "," "," "," "
"F4"," "," "," "," "," "," "," "," "," "," "
"F3"," "," "," "," "," "," "," "," "," "," "
"T4"," "," "," "," "," "," "," "," "," "," "
"T3"," "," "," "," "," "," "," "," "," "," "
"C4"," "," "," "," "," "," "," "," "," "," "
"C3"," "," "," "," "," "," "," "," "," "," "
"T6"," "," "," "," "," "," "," "," "," "," "
"T5"," "," "," "," "," "," "," "," "," "," "
"P4"," "," "," "," "," "," "," "," "," "," "
"P3"," "," "," "," "," "," "," "," "," "," "
"O2"," "," "," "," "," "," "," "," "," "," "
"O1"," "," "," "," "," "," "," "," "," "," "
"FZ"," "," "," "," "," "," "," "," "," "," "
"CZ"," "," "," "," "," "," "," "," "," "," "
"PZ"," "," "," "," "," "," "," "," "," "," "
"LOG"," "," "," "," "," "," "," "," "," "," "
"ROG"," "," "," "," "," "," "," "," "," "," "
"EMG"," "," "," ","*"," "," "," "," "," "," "
